time,cahaya,soil,temperature,humidity,fuzzy_output,pump_status,pump_duration
2025-12-15T17:18:28Z,52,95,26.70000,85.00000,0.00000,0,0
2025-12-15T17:18:48Z,54,166,26.70000,85.00000,0.00000,0,0
2025-12-15T17:19:08Z,52,159,26.70000,85.00000,0.00000,0,0
2025-12-15T17:19:28Z,52,166,26.70000,85.00000,0.00000,0,0
2025-12-15T17:19:57Z,52,77,27.10000,85.00000,0.00000,0,0
2025-12-15T17:20:17Z,52,150,27.03333,85.00000,0.00000,0,0
2025-12-15T17:20:38Z,52,159,27.10000,85.00000,0.00000,0,0
2025-12-15T17:20:58Z,57,162,27.10000,85.00000,0.00000,0,0
2025-12-15T17:21:18Z,53,133,27.10000,85.00000,0.00000,0,0
2025-12-15T17:21:38Z,52,144,27.10000,85.00000,0.00000,0,0
2025-12-15T17:21:58Z,52,159,27.10000,84.00000,0.00000,0,0
2025-12-15T17:22:18Z,52,150,27.10000,84.33334,0.00000,0,0
2025-12-15T17:22:38Z,52,166,27.10000,84.00000,0.00000,0,0
2025-12-15T17:22:58Z,52,141,27.10000,84.00000,0.00000,0,0
2025-12-15T17:23:18Z,52,126,27.10000,84.00000,0.00000,0,0
2025-12-15T17:23:38Z,52,166,27.10000,84.00000,0.00000,0,0
2025-12-15T17:23:58Z,52,159,27.10000,84.00000,0.00000,0,0
2025-12-15T17:24:18Z,52,135,27.10000,83.66666,0.00000,0,0
2025-12-15T17:24:38Z,51,166,27.10000,83.00000,0.00000,0,0
2025-12-15T17:24:57Z,51,166,27.20000,84.00000,0.00000,0,0
2025-12-15T17:25:28Z,53,106,27.60000,84.00000,0.00000,0,0
2025-12-15T17:25:48Z,53,166,27.60000,84.00000,0.00000,0,0
2025-12-15T17:26:08Z,51,-95,27.60000,83.00000,0.00000,0,0
2025-12-15T17:26:28Z,50,166,27.60000,82.00000,0.00000,0,0
2025-12-15T17:26:47Z,49,-56,27.60000,81.00000,0.00000,0,0
2025-12-15T17:27:08Z,49,166,27.60000,81.00000,0.00000,0,0
2025-12-15T17:27:27Z,49,158,27.60000,81.00000,0.00000,0,0
2025-12-15T17:27:47Z,51,-95,27.60000,81.00000,0.00000,0,0
2025-12-15T17:28:07Z,51,1,27.60000,83.00000,0.00000,0,0
2025-12-15T17:28:27Z,53,0,27.60000,83.00000,0.00000,0,0
2025-12-15T17:28:47Z,53,1,28.00000,81.00000,0.00000,0,0
2025-12-15T17:29:08Z,53,0,28.00000,81.00000,0.00000,0,0
2025-12-15T17:29:28Z,52,0,28.00000,80.00000,0.00000,0,0
2025-12-15T17:29:48Z,52,0,28.00000,80.00000,0.00000,0,0
2025-12-15T17:30:07Z,52,0,28.00000,80.00000,0.00000,0,0
2025-12-15T17:30:27Z,52,-1,28.00000,80.00000,0.00000,0,0
2025-12-15T17:30:47Z,52,-2,28.00000,80.00000,0.00000,0,0
2025-12-15T17:31:08Z,51,0,28.00000,80.00000,0.00000,0,0
2025-12-15T17:31:28Z,53,0,28.00000,80.00000,0.00000,0,0
2025-12-15T17:31:48Z,3,0,28.00000,80.00000,0.00000,0,0
2025-12-15T17:32:35Z,50,0,28.00000,80.00000,0.00000,0,0
2025-12-15T17:32:58Z,52,-1,28.00000,80.00000,0.00000,0,0
2025-12-15T17:33:18Z,51,0,28.00000,80.00000,47.04169,1,7
2025-12-15T17:33:37Z,51,-1,28.00000,80.00000,0.00000,0,0
2025-12-15T17:33:57Z,52,-1,28.50000,80.00000,0.00000,0,0
2025-12-15T17:34:18Z,52,-1,28.25000,79.66666,47.09205,1,7
2025-12-15T17:34:37Z,51,-2,28.50000,79.00000,0.00000,0,0
2025-12-15T17:34:58Z,51,-1,28.50000,79.00000,0.00000,0,0
2025-12-15T17:35:18Z,51,-1,28.50000,79.00000,47.14707,1,7
2025-12-15T17:35:38Z,51,-1,28.50000,78.00000,0.00000,0,0
2025-12-15T17:35:57Z,51,-2,28.50000,78.00000,0.00000,0,0
2025-12-15T17:36:18Z,51,-2,28.50000,78.00000,47.14707,1,7
2025-12-15T17:36:38Z,51,0,28.50000,78.00000,0.00000,0,0
2025-12-15T17:36:58Z,51,-1,28.50000,78.00000,0.00000,0,0
2025-12-15T17:37:18Z,51,-1,28.63333,78.00000,47.12994,1,7
2025-12-15T17:37:38Z,51,0,28.90000,78.00000,0.00000,0,0
2025-12-15T17:37:58Z,51,0,28.90000,78.00000,0.00000,0,0
2025-12-15T17:38:18Z,51,-1,28.85000,78.00000,47.01580,1,7
2025-12-15T17:38:37Z,51,-1,28.50000,78.00000,0.00000,0,0
2025-12-15T17:38:58Z,51,0,28.50000,78.00000,0.00000,0,0
2025-12-15T17:39:18Z,51,-1,28.56667,78.00000,47.16239,1,7
2025-12-15T17:39:38Z,51,0,28.90000,78.00000,0.00000,0,0
2025-12-15T17:39:58Z,51,-1,28.90000,78.00000,0.00000,0,0
2025-12-15T17:40:17Z,51,-1,28.90000,78.00000,46.99096,1,7
2025-12-15T17:40:38Z,51,-1,28.90000,78.00000,0.00000,0,0
2025-12-15T17:40:57Z,51,-2,28.90000,77.00000,0.00000,0,0
2025-12-15T17:41:18Z,51,-1,28.93333,77.33334,46.97615,1,7
2025-12-15T17:41:38Z,51,-2,29.30000,77.00000,0.00000,0,0
2025-12-15T17:41:58Z,51,-1,29.30000,76.00000,0.00000,0,0
2025-12-15T17:42:17Z,51,-1,29.30000,76.33334,46.81744,1,7
2025-12-15T17:42:38Z,51,-1,29.30000,76.00000,0.00000,0,0
2025-12-15T17:42:58Z,51,1,29.30000,76.00000,0.00000,0,0
2025-12-15T17:43:18Z,51,0,29.30000,76.00000,46.81744,1,7
2025-12-15T17:43:37Z,51,-2,29.30000,76.00000,0.00000,0,0
2025-12-15T17:43:57Z,51,-1,29.30000,76.00000,0.00000,0,0
2025-12-15T17:44:18Z,51,-1,29.30000,76.00000,46.81744,1,7
2025-12-15T17:44:38Z,51,-1,29.30000,76.00000,0.00000,0,0
2025-12-15T17:44:58Z,51,0,29.30000,76.00000,0.00000,0,0
2025-12-15T17:45:17Z,51,-1,29.30000,76.00000,46.81744,1,7
2025-12-15T17:45:38Z,51,0,29.30000,76.00000,0.00000,0,0
2025-12-15T17:45:58Z,51,-2,29.30000,75.00000,0.00000,0,0
2025-12-15T17:46:17Z,51,-1,29.30000,75.50000,46.81744,1,7
2025-12-15T17:46:38Z,51,-1,29.30000,75.00000,0.00000,0,0
2025-12-15T17:46:57Z,51,-1,29.30000,75.00000,0.00000,0,0
2025-12-15T17:47:18Z,51,-1,29.31667,75.00000,46.81215,1,7
2025-12-15T17:47:37Z,51,-1,29.80000,75.00000,0.00000,0,0
2025-12-15T17:47:57Z,51,-1,29.80000,75.00000,0.00000,0,0
2025-12-15T17:48:18Z,51,-1,29.75000,75.00000,46.80580,1,7
2025-12-15T17:48:38Z,51,-1,29.80000,75.00000,0.00000,0,0
2025-12-15T17:48:58Z,51,0,29.80000,74.00000,0.00000,0,0
2025-12-15T17:49:18Z,51,-1,29.80000,74.50000,46.80580,1,7
2025-12-15T17:49:38Z,51,-1,29.80000,74.00000,0.00000,0,0
2025-12-15T17:49:58Z,51,-1,29.80000,74.00000,0.00000,0,0
2025-12-15T17:50:18Z,51,0,29.80000,74.16666,46.68181,1,7
2025-12-15T17:50:37Z,51,-1,29.80000,74.00000,0.00000,0,0
2025-12-15T17:50:58Z,51,-1,29.80000,74.00000,0.00000,0,0
2025-12-15T17:51:18Z,51,-1,29.80000,74.50000,46.80580,1,7
2025-12-15T17:51:37Z,51,-1,29.80000,75.00000,0.00000,0,0
2025-12-15T17:51:57Z,51,0,29.80000,75.00000,0.00000,0,0
2025-12-15T17:52:18Z,51,-1,29.80000,75.00000,46.80580,1,7
2025-12-15T17:52:37Z,51,-3,29.80000,75.00000,0.00000,0,0
2025-12-15T17:52:58Z,51,0,29.30000,75.00000,0.00000,0,0
2025-12-15T17:53:18Z,51,-1,29.48334,75.00000,46.80580,1,7
2025-12-15T17:53:38Z,51,-2,29.30000,76.00000,0.00000,0,0
2025-12-15T17:53:57Z,51,-1,29.50000,76.00000,0.00000,0,0
2025-12-15T18:06:57Z,51,-1,29.80000,75.00000,0.00000,0,0
2025-12-15T18:07:18Z,51,-1,29.80000,75.00000,46.80580,1,7
2025-12-15T18:07:37Z,51,-2,29.80000,75.00000,0.00000,0,0
2025-12-15T18:07:57Z,51,-1,29.80000,74.00000,0.00000,0,0
2025-12-15T18:08:18Z,51,-1,29.80000,74.50000,46.80580,1,7
2025-12-15T18:08:38Z,51,-1,29.80000,74.00000,0.00000,0,0
2025-12-15T18:08:57Z,51,-1,29.80000,75.00000,0.00000,0,0
2025-12-15T18:09:18Z,51,-1,29.80000,74.66666,46.80580,1,7
2025-12-15T18:09:38Z,51,-4,29.80000,75.00000,0.00000,0,0
2025-12-15T18:09:57Z,51,-3,29.80000,74.00000,0.00000,0,0
2025-12-15T18:10:17Z,51,-2,29.80000,74.50000,47.11152,1,7
2025-12-15T18:10:37Z,51,-1,29.80000,74.00000,0.00000,0,0
2025-12-15T18:10:58Z,51,-1,29.80000,74.00000,0.00000,0,0
2025-12-15T18:11:18Z,51,-1,29.80000,74.00000,46.80580,1,7
2025-12-15T18:11:38Z,51,-2,29.80000,74.00000,0.00000,0,0
2025-12-15T18:11:58Z,51,-1,29.80000,74.00000,0.00000,0,0
2025-12-15T18:12:18Z,51,-2,29.80000,74.00000,47.11152,1,7
2025-12-15T18:12:37Z,51,-1,29.80000,73.00000,0.00000,0,0
2025-12-15T18:12:58Z,51,-1,29.80000,73.00000,0.00000,0,0
2025-12-15T18:13:18Z,51,-1,29.80000,73.16666,46.80580,1,7
2025-12-15T18:13:37Z,51,-1,29.80000,74.00000,0.00000,0,0
2025-12-15T18:13:58Z,51,-1,29.80000,74.00000,0.00000,0,0
2025-12-15T18:14:18Z,51,-1,29.80000,74.16666,46.80580,1,7
2025-12-15T18:14:37Z,51,-1,29.80000,75.00000,0.00000,0,0
2025-12-15T18:14:57Z,51,-2,29.80000,75.00000,0.00000,0,0
2025-12-15T18:15:17Z,51,-1,29.80000,75.00000,46.80580,1,7
2025-12-15T18:15:38Z,51,-1,29.80000,75.00000,0.00000,0,0
2025-12-15T18:15:57Z,51,0,29.80000,75.00000,0.00000,0,0
2025-12-15T18:16:18Z,51,-1,29.80000,75.00000,46.80580,1,7
2025-12-15T18:16:38Z,51,-1,29.80000,75.00000,0.00000,0,0
2025-12-15T18:16:58Z,51,-1,29.80000,74.00000,0.00000,0,0
2025-12-15T18:17:18Z,51,-1,29.80000,74.83334,46.80580,1,7
2025-12-15T18:17:38Z,51,-1,29.80000,75.00000,0.00000,0,0
2025-12-15T18:17:58Z,51,-2,29.80000,75.00000,0.00000,0,0
2025-12-15T18:18:18Z,51,-2,29.80000,75.00000,47.11152,1,7
2025-12-15T18:18:38Z,51,-1,29.80000,75.00000,0.00000,0,0
2025-12-15T18:18:58Z,51,-2,29.80000,75.00000,0.00000,0,0
2025-12-15T18:19:18Z,51,-1,29.80000,75.00000,46.80580,1,7
2025-12-15T18:19:38Z,51,-1,29.40000,75.00000,0.00000,0,0
2025-12-15T18:19:57Z,51,-1,29.30000,75.00000,0.00000,0,0
2025-12-15T18:20:18Z,51,-1,29.40000,75.00000,46.80580,1,7
2025-12-15T18:20:38Z,51,-2,29.30000,76.00000,0.00000,0,0
2025-12-15T18:20:58Z,51,0,29.40000,76.00000,0.00000,0,0
2025-12-15T18:21:18Z,51,-1,29.45000,75.83334,46.80580,1,7
2025-12-15T18:21:38Z,51,-1,29.80000,75.00000,0.00000,0,0
2025-12-15T18:21:58Z,51,0,29.80000,76.00000,0.00000,0,0
2025-12-15T18:22:18Z,51,-1,29.80000,75.66666,46.80580,1,7
2025-12-15T18:22:38Z,51,-1,29.80000,76.00000,0.00000,0,0
2025-12-15T18:22:58Z,51,-3,29.80000,76.00000,0.00000,0,0
2025-12-15T18:23:18Z,51,-1,29.68333,75.66666,46.80580,1,7
2025-12-15T18:23:37Z,51,-1,29.80000,76.00000,0.00000,0,0
2025-12-15T18:23:57Z,51,-2,29.80000,76.00000,0.00000,0,0
2025-12-15T18:24:18Z,51,-1,29.58333,76.00000,46.80580,1,7
2025-12-15T18:24:38Z,51,-1,29.40000,76.00000,0.00000,0,0
2025-12-15T18:24:57Z,51,-2,29.80000,76.00000,0.00000,0,0
2025-12-15T18:25:17Z,51,-1,29.66667,76.00000,46.80580,1,7
2025-12-15T18:25:38Z,51,-1,29.80000,76.00000,0.00000,0,0
2025-12-15T18:25:58Z,51,-1,29.80000,75.00000,0.00000,0,0
2025-12-15T18:26:18Z,52,-1,29.80000,75.50000,46.80580,1,7
2025-12-15T18:26:38Z,51,-2,29.80000,75.00000,0.00000,0,0
2025-12-15T18:26:57Z,51,-1,29.80000,75.00000,0.00000,0,0
2025-12-15T18:27:17Z,51,-1,29.80000,75.00000,46.80580,1,7
2025-12-15T18:27:37Z,51,-1,29.80000,75.00000,0.00000,0,0
2025-12-15T18:27:57Z,51,0,29.40000,75.00000,0.00000,0,0
2025-12-15T18:28:17Z,51,-1,29.58333,75.00000,46.80580,1,7
2025-12-15T18:28:37Z,51,-1,29.30000,75.00000,0.00000,0,0
2025-12-15T18:28:58Z,51,-2,29.30000,76.00000,0.00000,0,0
2025-12-15T18:29:18Z,51,-1,29.30000,75.50000,46.81744,1,7
2025-12-15T18:29:37Z,51,-1,29.30000,76.00000,0.00000,0,0
2025-12-15T18:29:58Z,51,-1,29.30000,76.00000,0.00000,0,0
2025-12-15T18:30:17Z,51,-1,29.30000,76.00000,46.81744,1,7
2025-12-15T18:30:38Z,51,-1,29.30000,75.00000,0.00000,0,0
2025-12-15T18:30:58Z,51,-2,29.30000,76.00000,0.00000,0,0
2025-12-15T18:31:18Z,51,-1,29.30000,75.50000,46.81744,1,7
2025-12-15T18:31:37Z,51,0,29.30000,75.00000,0.00000,0,0
2025-12-15T18:31:58Z,51,-1,29.30000,75.00000,0.00000,0,0
2025-12-15T18:32:18Z,51,-1,29.30000,75.00000,46.81744,1,7
2025-12-15T18:32:38Z,51,-2,29.30000,75.00000,0.00000,0,0
2025-12-15T18:32:58Z,51,-1,29.30000,76.00000,0.00000,0,0
2025-12-15T18:33:18Z,51,-2,29.30000,75.66666,47.11152,1,7
2025-12-15T18:33:38Z,51,-1,29.30000,76.00000,0.00000,0,0
2025-12-15T18:33:58Z,51,-1,29.40000,75.00000,0.00000,0,0
2025-12-15T18:34:17Z,51,-1,29.35000,75.50000,46.80580,1,7
2025-12-15T18:34:37Z,51,-1,29.40000,75.00000,0.00000,0,0
2025-12-15T18:34:58Z,51,-1,29.70000,75.00000,0.00000,0,0
2025-12-15T18:35:18Z,51,-1,29.50000,75.00000,46.80580,1,7
2025-12-15T18:35:38Z,51,-1,29.30000,75.00000,0.00000,0,0
2025-12-15T18:35:58Z,51,-3,29.30000,75.00000,0.00000,0,0
2025-12-15T18:36:18Z,51,-1,29.30000,75.00000,46.81744,1,7
2025-12-15T18:36:38Z,51,0,29.30000,75.00000,0.00000,0,0
2025-12-15T18:36:58Z,51,0,29.30000,76.00000,0.00000,0,0
2025-12-15T18:37:18Z,51,-1,29.30000,75.66666,46.81744,1,7
2025-12-15T18:37:38Z,51,-1,29.30000,76.00000,0.00000,0,0
2025-12-15T18:37:58Z,51,-1,29.30000,76.00000,0.00000,0,0
2025-12-15T18:38:17Z,51,-1,29.30000,76.00000,46.81744,1,7
2025-12-15T18:38:38Z,51,-1,29.30000,76.00000,0.00000,0,0
2025-12-15T18:38:58Z,51,-1,29.30000,76.00000,0.00000,0,0
2025-12-15T18:39:18Z,51,-1,29.30000,76.00000,46.81744,1,7
2025-12-15T18:39:37Z,51,-2,29.30000,76.00000,0.00000,0,0
2025-12-15T18:39:57Z,51,-2,29.30000,76.00000,0.00000,0,0
2025-12-15T18:40:18Z,51,-2,29.30000,75.83334,47.11152,1,7
2025-12-15T18:40:38Z,51,-1,29.30000,76.00000,0.00000,0,0
2025-12-15T18:40:57Z,50,-2,29.30000,76.00000,0.00000,0,0
2025-12-15T18:41:17Z,51,-2,29.30000,76.00000,47.11152,1,7
2025-12-15T18:41:37Z,51,-2,29.30000,76.00000,0.00000,0,0
2025-12-15T18:41:58Z,52,-2,29.30000,76.00000,0.00000,0,0
2025-12-15T18:42:18Z,51,-2,29.30000,76.00000,47.11152,1,7
2025-12-15T18:42:37Z,51,-2,29.30000,76.00000,0.00000,0,0
2025-12-15T18:42:58Z,51,-2,29.30000,76.00000,0.00000,0,0
2025-12-15T18:43:18Z,51,-1,29.30000,76.00000,46.81744,1,7
2025-12-15T18:43:37Z,51,-1,29.30000,76.00000,0.00000,0,0
2025-12-15T18:43:58Z,51,-1,29.30000,76.00000,0.00000,0,0
2025-12-15T18:44:18Z,51,-1,29.30000,76.00000,46.81744,1,7
2025-12-15T18:44:38Z,51,-1,29.40000,76.00000,0.00000,0,0
2025-12-15T18:44:58Z,51,-2,29.80000,76.00000,0.00000,0,0
2025-12-15T18:45:18Z,51,-1,29.66667,76.00000,46.80580,1,7
2025-12-15T18:45:37Z,51,-1,29.80000,76.00000,0.00000,0,0
2025-12-15T18:45:57Z,51,-1,29.80000,76.00000,0.00000,0,0
2025-12-15T18:46:18Z,51,-1,29.80000,75.83334,46.80580,1,7
2025-12-15T18:46:38Z,51,-1,29.80000,74.00000,0.00000,0,0
2025-12-15T18:46:57Z,51,-2,29.80000,73.00000,0.00000,0,0
2025-12-15T18:47:18Z,51,-1,29.80000,73.66666,46.80580,1,7
2025-12-15T18:47:37Z,51,-2,29.80000,73.00000,0.00000,0,0
2025-12-15T18:47:58Z,51,-1,29.80000,73.00000,0.00000,0,0
2025-12-15T18:48:18Z,51,-2,29.80000,73.00000,47.11152,1,7
2025-12-15T18:48:37Z,51,0,29.80000,73.00000,0.00000,0,0
2025-12-15T18:48:57Z,51,-1,29.80000,73.00000,0.00000,0,0
2025-12-15T18:49:17Z,51,-1,29.80000,73.00000,46.80580,1,7
2025-12-15T18:49:38Z,51,-1,29.80000,73.00000,0.00000,0,0
2025-12-15T18:49:57Z,51,-1,29.80000,74.00000,0.00000,0,0
2025-12-15T18:50:18Z,51,-1,29.80000,73.50000,46.80580,1,7
2025-12-15T18:50:38Z,51,-1,29.80000,74.00000,0.00000,0,0
2025-12-15T18:50:58Z,51,-2,29.80000,74.00000,0.00000,0,0
2025-12-15T18:51:18Z,51,-1,29.80000,74.00000,46.80580,1,7
2025-12-15T18:51:37Z,51,-3,29.80000,74.00000,0.00000,0,0
2025-12-15T18:51:58Z,51,-2,29.80000,74.00000,0.00000,0,0
2025-12-15T18:52:18Z,51,-1,29.80000,74.00000,46.80580,1,7
2025-12-15T18:52:37Z,51,-2,29.80000,74.00000,0.00000,0,0
2025-12-15T18:52:58Z,51,-1,29.80000,75.00000,0.00000,0,0
2025-12-15T18:53:17Z,51,-1,29.80000,74.50000,46.80580,1,7
2025-12-15T18:53:37Z,51,-3,29.80000,75.00000,0.00000,0,0
2025-12-15T18:53:57Z,51,-1,29.40000,75.00000,0.00000,0,0
2025-12-15T18:54:18Z,51,-1,29.53333,75.00000,46.80580,1,7
2025-12-15T18:54:38Z,51,-2,29.30000,75.00000,0.00000,0,0
2025-12-15T18:54:58Z,51,-1,29.40000,75.00000,0.00000,0,0
2025-12-15T18:55:18Z,51,-1,29.35000,75.00000,46.80580,1,7
2025-12-15T18:55:37Z,51,-2,29.30000,75.00000,0.00000,0,0
2025-12-15T18:55:57Z,51,-1,29.40000,75.00000,0.00000,0,0
2025-12-15T18:56:17Z,51,-1,29.43333,74.66666,46.80580,1,7
2025-12-15T18:56:40Z,51,-1,29.80000,75.00000,0.00000,0,0
2025-12-15T18:56:58Z,51,-1,29.80000,75.00000,0.00000,0,0
2025-12-15T18:57:18Z,51,-1,29.80000,74.83334,46.80580,1,7
2025-12-15T18:57:37Z,51,-1,29.80000,75.00000,0.00000,0,0
2025-12-15T18:57:58Z,51,-1,29.80000,75.00000,0.00000,0,0
2025-12-15T18:58:17Z,51,-1,29.80000,75.00000,46.80580,1,7
2025-12-15T18:58:37Z,51,-2,29.80000,75.00000,0.00000,0,0
2025-12-15T18:58:58Z,51,-1,29.80000,75.00000,0.00000,0,0
2025-12-15T18:59:17Z,51,-1,29.80000,75.00000,46.80580,1,7
2025-12-15T18:59:38Z,51,-2,29.80000,75.00000,0.00000,0,0
2025-12-15T18:59:57Z,51,-1,29.80000,75.00000,0.00000,0,0
2025-12-15T19:00:18Z,51,-1,29.80000,75.00000,46.80580,1,7
2025-12-15T19:00:38Z,51,0,29.80000,74.00000,0.00000,0,0
2025-12-15T19:00:57Z,51,-2,29.80000,74.00000,0.00000,0,0
2025-12-15T19:01:17Z,51,-1,29.80000,74.16666,46.80580,1,7
2025-12-15T19:01:38Z,51,0,29.80000,74.00000,0.00000,0,0
2025-12-15T19:01:58Z,51,-2,29.80000,75.00000,0.00000,0,0
2025-12-15T19:02:18Z,51,-1,29.80000,74.50000,46.80580,1,7
2025-12-15T19:02:38Z,51,-1,29.80000,75.00000,0.00000,0,0
2025-12-15T19:02:58Z,51,0,29.80000,75.00000,0.00000,0,0
2025-12-15T19:03:18Z,51,-1,29.80000,75.00000,46.80580,1,7
2025-12-15T19:03:38Z,51,-2,29.80000,75.00000,0.00000,0,0
2025-12-15T19:03:57Z,51,-1,29.80000,75.00000,0.00000,0,0
2025-12-15T19:04:17Z,51,-1,29.80000,75.00000,46.80580,1,7
2025-12-15T19:04:38Z,51,-1,29.70000,75.00000,0.00000,0,0
2025-12-15T19:04:58Z,51,-1,29.30000,75.00000,0.00000,0,0
2025-12-15T19:05:17Z,51,-1,29.45000,75.00000,46.80580,1,7
2025-12-15T19:05:37Z,52,0,29.30000,75.00000,0.00000,0,0
2025-12-15T19:05:58Z,51,-1,29.30000,75.00000,0.00000,0,0
2025-12-15T19:06:18Z,51,-1,29.30000,75.00000,46.81744,1,7
2025-12-15T19:06:38Z,51,-1,29.30000,74.00000,0.00000,0,0
2025-12-15T19:06:58Z,51,-1,29.30000,75.00000,0.00000,0,0
2025-12-15T19:07:18Z,51,-1,29.30000,74.83334,46.81744,1,7
2025-12-15T19:07:38Z,51,-1,29.30000,76.00000,0.00000,0,0
2025-12-15T19:07:57Z,51,-1,29.40000,75.00000,0.00000,0,0
2025-12-15T19:08:18Z,51,-1,29.35000,75.50000,46.80580,1,7
2025-12-15T19:08:37Z,51,-2,29.70000,75.00000,0.00000,0,0
2025-12-15T19:08:58Z,51,0,29.80000,75.00000,0.00000,0,0
2025-12-15T19:09:17Z,51,-1,29.71667,74.83334,46.80580,1,7
2025-12-15T19:09:38Z,51,-1,29.80000,75.00000,0.00000,0,0
2025-12-15T19:09:57Z,51,-1,29.80000,75.00000,0.00000,0,0
2025-12-15T19:10:17Z,51,-1,29.78333,75.00000,46.80580,1,7
2025-12-15T19:10:38Z,51,-1,29.30000,75.00000,0.00000,0,0
2025-12-15T19:10:57Z,51,-1,29.30000,75.00000,0.00000,0,0
2025-12-15T19:11:18Z,51,-1,29.31667,75.00000,46.81217,1,7
2025-12-15T19:11:38Z,51,-2,29.40000,75.00000,0.00000,0,0
2025-12-15T19:11:58Z,51,-1,29.40000,75.00000,0.00000,0,0
2025-12-15T19:12:17Z,51,-1,29.38333,75.00000,46.80580,1,7
2025-12-15T19:12:37Z,52,-1,29.30000,75.00000,0.00000,0,0
2025-12-15T19:12:58Z,51,-1,29.30000,75.00000,0.00000,0,0
2025-12-15T19:13:18Z,51,-1,29.31667,75.00000,46.81215,1,7
2025-12-15T19:13:37Z,51,-1,29.30000,75.00000,0.00000,0,0
2025-12-15T19:13:58Z,51,-2,29.80000,75.00000,0.00000,0,0
2025-12-15T19:14:17Z,51,-1,29.56667,74.83334,46.80580,1,7
2025-12-15T19:14:38Z,51,-1,29.80000,75.00000,0.00000,0,0
2025-12-15T19:14:57Z,51,-2,29.80000,75.00000,0.00000,0,0
2025-12-15T19:15:17Z,51,-1,29.80000,75.00000,46.80580,1,7
2025-12-15T19:15:37Z,51,-1,29.80000,74.00000,0.00000,0,0
2025-12-15T19:15:58Z,51,-1,29.80000,74.00000,0.00000,0,0
2025-12-15T19:16:18Z,51,-1,29.80000,74.16666,46.80580,1,7
2025-12-15T19:16:38Z,51,-1,29.80000,74.00000,0.00000,0,0
2025-12-15T19:16:58Z,51,0,29.80000,74.00000,0.00000,0,0
2025-12-15T19:17:18Z,51,-1,29.80000,74.00000,46.80580,1,7
2025-12-15T19:17:37Z,51,-3,29.80000,74.00000,0.00000,0,0
2025-12-15T19:17:57Z,51,-1,29.80000,74.00000,0.00000,0,0
2025-12-15T19:18:18Z,51,-1,29.80000,74.00000,46.80580,1,7
2025-12-15T19:18:37Z,51,0,29.80000,73.00000,0.00000,0,0
2025-12-15T19:18:57Z,51,-1,29.80000,73.00000,0.00000,0,0
2025-12-15T19:19:17Z,51,-1,29.80000,73.16666,46.80580,1,7
2025-12-15T19:19:37Z,51,0,29.80000,73.00000,0.00000,0,0
2025-12-15T19:19:58Z,51,-1,29.80000,73.00000,0.00000,0,0
2025-12-15T19:20:17Z,51,-1,29.80000,73.00000,46.80580,1,7
2025-12-15T19:20:37Z,51,-1,29.80000,74.00000,0.00000,0,0
2025-12-15T19:20:58Z,51,-1,29.80000,74.00000,0.00000,0,0
2025-12-15T19:21:18Z,51,-1,29.80000,73.83334,46.80580,1,7
2025-12-15T19:21:38Z,51,-2,29.40000,75.00000,0.00000,0,0
2025-12-15T19:21:57Z,51,-1,29.40000,75.00000,0.00000,0,0
2025-12-15T19:22:18Z,51,-2,29.41667,74.83334,47.11152,1,7
2025-12-15T19:22:38Z,51,-1,29.30000,75.00000,0.00000,0,0
2025-12-15T19:22:58Z,51,-1,29.30000,75.00000,0.00000,0,0
2025-12-15T19:23:17Z,51,-1,29.30000,75.33334,46.81744,1,7
2025-12-15T19:23:38Z,51,-1,29.30000,75.00000,0.00000,0,0
2025-12-15T19:23:57Z,51,-1,29.30000,76.00000,0.00000,0,0
2025-12-15T19:24:17Z,51,-1,29.30000,75.33334,46.81744,1,7
2025-12-15T19:24:38Z,51,-1,29.30000,76.00000,0.00000,0,0
2025-12-15T19:24:58Z,51,-1,29.30000,76.00000,0.00000,0,0
2025-12-15T19:25:18Z,51,-1,29.30000,76.00000,46.81744,1,7
2025-12-15T19:25:38Z,51,-1,29.30000,76.00000,0.00000,0,0
2025-12-15T19:25:58Z,51,-1,29.30000,76.00000,0.00000,0,0
2025-12-15T19:26:18Z,51,-1,29.33333,76.00000,46.80580,1,7
2025-12-15T19:26:37Z,51,-1,29.30000,76.00000,0.00000,0,0
2025-12-15T19:26:58Z,51,-1,29.30000,76.00000,0.00000,0,0
2025-12-15T19:27:17Z,51,0,29.30000,76.00000,46.81744,1,7
2025-12-15T19:27:37Z,52,2,29.30000,76.00000,0.00000,0,0
2025-12-15T19:27:58Z,51,-2,29.30000,75.00000,0.00000,0,0
2025-12-15T19:28:17Z,51,0,29.30000,75.50000,46.81744,1,7
2025-12-15T19:28:38Z,51,-1,29.40000,75.00000,0.00000,0,0
2025-12-15T19:28:58Z,51,-1,29.30000,75.00000,0.00000,0,0
2025-12-15T19:29:17Z,51,-1,29.33333,75.00000,46.80580,1,7
2025-12-15T19:29:38Z,51,-1,29.30000,75.00000,0.00000,0,0
2025-12-15T19:29:57Z,51,-2,29.40000,75.00000,0.00000,0,0
2025-12-15T19:30:18Z,51,-1,29.36667,74.83334,46.80580,1,7
2025-12-15T19:30:38Z,51,-1,29.80000,74.00000,0.00000,0,0
2025-12-15T19:30:58Z,51,-2,29.80000,74.00000,0.00000,0,0
2025-12-15T19:31:18Z,51,-1,29.80000,73.66666,46.80580,1,7
2025-12-15T19:31:37Z,51,-1,29.80000,73.00000,0.00000,0,0
2025-12-15T19:31:58Z,51,-2,29.80000,74.00000,0.00000,0,0
2025-12-15T19:32:17Z,51,-1,29.80000,73.83334,46.80580,1,7
2025-12-15T19:32:38Z,51,0,29.80000,74.00000,0.00000,0,0
2025-12-15T19:32:58Z,51,-1,29.80000,74.00000,0.00000,0,0
2025-12-15T19:33:18Z,51,-1,29.80000,74.00000,46.80580,1,7
2025-12-15T19:33:38Z,51,-1,29.80000,74.00000,0.00000,0,0
2025-12-15T19:33:58Z,51,-1,29.80000,74.00000,0.00000,0,0
2025-12-15T19:34:18Z,51,-1,29.80000,74.00000,46.80580,1,7
2025-12-15T19:34:37Z,51,-1,29.80000,74.00000,0.00000,0,0
2025-12-15T19:34:57Z,51,0,29.80000,75.00000,0.00000,0,0
2025-12-15T19:35:17Z,51,-1,29.80000,74.50000,46.80580,1,7
2025-12-15T19:35:37Z,51,0,29.80000,75.00000,0.00000,0,0
2025-12-15T19:35:58Z,51,-2,29.80000,75.00000,0.00000,0,0
2025-12-15T19:36:18Z,51,-1,29.80000,75.00000,46.80580,1,7
2025-12-15T19:36:38Z,51,-2,29.80000,75.00000,0.00000,0,0
2025-12-15T19:36:57Z,51,-1,29.80000,75.00000,0.00000,0,0
2025-12-15T19:37:18Z,51,-1,29.76666,75.00000,46.80580,1,7
2025-12-15T19:37:37Z,51,-1,29.50000,75.00000,0.00000,0,0
2025-12-15T19:37:57Z,51,-2,29.50000,75.00000,0.00000,0,0
2025-12-15T19:38:18Z,51,-1,29.46667,75.00000,46.80580,1,7
2025-12-15T19:38:38Z,51,-2,29.80000,74.00000,0.00000,0,0
2025-12-15T19:38:58Z,51,-1,29.80000,74.00000,0.00000,0,0
2025-12-15T19:39:17Z,51,-1,29.78333,74.00000,46.80580,1,7
2025-12-15T19:39:38Z,51,-2,29.80000,74.00000,0.00000,0,0
2025-12-15T19:39:58Z,51,0,29.80000,74.00000,0.00000,0,0
2025-12-15T19:40:18Z,51,-1,29.80000,74.00000,46.80580,1,7
2025-12-15T19:40:38Z,51,-1,29.80000,74.00000,0.00000,0,0
2025-12-15T19:40:58Z,51,-2,29.80000,75.00000,0.00000,0,0
2025-12-15T19:41:17Z,51,-1,29.80000,74.50000,46.80580,1,7
2025-12-15T19:41:37Z,51,-2,29.80000,74.00000,0.00000,0,0
2025-12-15T19:41:57Z,51,-2,29.80000,74.00000,0.00000,0,0
2025-12-15T19:42:17Z,51,-2,29.80000,74.00000,47.11152,1,7
2025-12-15T19:42:38Z,51,-1,29.80000,75.00000,0.00000,0,0
2025-12-15T19:42:57Z,51,-1,29.40000,74.00000,0.00000,0,0
2025-12-15T19:43:18Z,51,-1,29.51666,74.16666,46.80580,1,7
2025-12-15T19:43:38Z,51,-1,29.40000,74.00000,0.00000,0,0
2025-12-15T19:43:58Z,51,-1,29.40000,74.00000,0.00000,0,0
2025-12-15T19:44:17Z,51,-1,29.43333,74.33334,46.80580,1,7
2025-12-15T19:44:38Z,51,-1,29.80000,75.00000,0.00000,0,0
2025-12-15T19:44:57Z,51,-1,29.80000,75.00000,0.00000,0,0
2025-12-15T19:45:18Z,51,-1,29.80000,75.00000,46.80580,1,7
2025-12-15T19:45:38Z,51,-1,29.40000,75.00000,0.00000,0,0
2025-12-15T19:45:58Z,51,-2,29.30000,75.00000,0.00000,0,0
2025-12-15T19:46:18Z,51,-1,29.36667,74.66666,46.80580,1,7
2025-12-15T19:46:38Z,51,-1,29.30000,74.00000,0.00000,0,0
2025-12-15T19:46:58Z,51,-2,29.30000,74.00000,0.00000,0,0
2025-12-15T19:47:18Z,51,-2,29.30000,74.00000,47.11152,1,7
2025-12-15T19:47:37Z,51,-1,29.40000,74.00000,0.00000,0,0
2025-12-15T19:47:58Z,51,-1,29.40000,74.00000,0.00000,0,0
2025-12-15T19:48:18Z,51,-1,29.36667,74.33334,46.80580,1,7
2025-12-15T19:48:38Z,51,0,29.30000,74.00000,0.00000,0,0
2025-12-15T19:48:58Z,51,-1,29.30000,75.00000,0.00000,0,0
2025-12-15T19:49:17Z,51,-1,29.30000,74.66666,46.81744,1,7
2025-12-15T19:49:38Z,51,0,29.30000,75.00000,0.00000,0,0
2025-12-15T19:49:58Z,51,-1,29.30000,74.00000,0.00000,0,0
2025-12-15T19:50:18Z,51,-1,29.31667,74.66666,46.81215,1,7
2025-12-15T19:50:38Z,51,-2,29.30000,75.00000,0.00000,0,0
2025-12-15T19:50:57Z,51,-1,29.30000,75.00000,0.00000,0,0
2025-12-15T19:51:17Z,51,-1,29.30000,75.00000,46.81744,1,7
2025-12-15T19:51:37Z,51,-1,29.30000,75.00000,0.00000,0,0
2025-12-15T19:51:58Z,51,-1,29.30000,75.00000,0.00000,0,0
2025-12-15T19:52:18Z,51,-1,29.30000,75.00000,46.81744,1,7
2025-12-15T19:52:37Z,51,-1,29.30000,76.00000,0.00000,0,0
2025-12-15T19:52:58Z,51,-2,29.30000,76.00000,0.00000,0,0
2025-12-15T19:53:18Z,51,-2,29.30000,75.83334,47.11152,1,7
2025-12-15T19:53:38Z,51,-1,29.00000,76.00000,0.00000,0,0
2025-12-15T19:53:57Z,51,-2,28.90000,76.00000,0.00000,0,0
2025-12-15T19:54:17Z,51,-1,29.00000,76.00000,46.94444,1,7
2025-12-15T19:54:38Z,51,-2,28.90000,76.00000,0.00000,0,0
2025-12-15T19:54:57Z,51,-1,29.00000,76.00000,0.00000,0,0
2025-12-15T19:55:18Z,52,-1,28.95000,76.00000,46.96729,1,7
2025-12-15T19:55:38Z,52,-1,28.90000,76.00000,0.00000,0,0
2025-12-15T19:55:58Z,51,-2,28.90000,76.00000,0.00000,0,0
2025-12-15T19:56:17Z,51,-1,28.90000,76.00000,46.99096,1,7
2025-12-15T19:56:38Z,51,-1,28.90000,76.00000,0.00000,0,0
